<?xml version="1.0" encoding="UTF-8"?>
<crossQueryResult totalDocs="5" startDoc="1" endDoc="2">
   <docHit rank="1" file="doc3.xml" totalHits="0">
      <meta>
         <title>Thirty-Eight Witnesses: The Kitty Genovese Case</title>
         <creator>A.M. Rosenthal</creator>
         <subject>Politics</subject>
         <subject>Sociology</subject>
         <subject>Urban Studies</subject>
         <description>
            <snippet rank="1">In a decade scarred by some of <hit>
                  <term>the</term>
               </hit> worst tragedies in this country's history,</snippet> 
            <snippet rank="2">March 13, 1964, stands apart from <hit>
                  <term>the</term>
               </hit> other atrocities,</snippet> 
            <snippet rank="3">not because of <hit>
                  <term>the</term>
               </hit> identity</snippet> 
            <snippet rank="4">of <hit>
                  <term>the</term>
               </hit> victim - whose name was not Kennedy,</snippet> 
            <snippet rank="5">King, or Malcolm - but because of <hit>
                  <term>the</term>
               </hit> circumstances. Kitty Genovese was a 28-</snippet>year-old middle-class woman from Kew Gardens, <snippet rank="6">Queens, whose murder was distinguished by <hit>
                  <term>the</term>
               </hit> presence of thirty-eight witnesses</snippet> 
            <snippet rank="7">who did nothing to stop <hit>
                  <term>the</term>
               </hit> series of attacks that would</snippet> 
            <snippet rank="8">claim her life.Thirty years later <hit>
                  <term>the</term>
               </hit> Kitty Genovese murder still presses us to</snippet> ask a litany of questions: Why did these people <snippet rank="9">fail to act? What does it say about <hit>
                  <term>the</term>
               </hit> conditions of contemporary urban life?</snippet> Would it happen today? First published over thirty years ago, Thirty-Eight Witnesses remains <snippet rank="10">a social document that warrants close and repeated examination. <hit>
                  <term>The</term>
               </hit> account</snippet> 
            <snippet rank="11">of <hit>
                  <term>the</term>
               </hit> story, as related</snippet> 
            <snippet rank="12">by one of <hit>
                  <term>the</term>
               </hit> best-known and most</snippet> 
            <snippet rank="13">controversial newspaper professionals in <hit>
                  <term>the</term>
               </hit> country,</snippet> 
            <snippet rank="14">has <hit>
                  <term>the</term>
               </hit> added dimension of being part memoir, part investigative journalism,</snippet> 
            <snippet rank="15">and part public service. In an updated preface that incorporates <hit>
                  <term>the</term>
               </hit> most recent</snippet> 
            <snippet rank="16">developments in <hit>
                  <term>the</term>
               </hit> case, A.M.</snippet> 
            <snippet rank="17">Rosenthal examines why <hit>
                  <term>the</term>
               </hit> murder of Kitty</snippet> 
            <snippet rank="18">Genovese still has <hit>
                  <term>the</term>
               </hit> power to shock in a world jaded by news of urban</snippet> violence.</description>
         <date>19990331</date>
         <type>text</type>
         <identifier>http://ark.cdlib.org/ark:/13030/ft8v19p2pw</identifier>
         <relation>http://www.ucpress.edu/</relation>
         <relation>http://escholarship.cdlib.org/</relation>
         <rights>Public</rights>
      </meta>
   </docHit>
   <docHit rank="2" file="doc1.xml" totalHits="0">
      <meta>
         <title>The Opening of the Apartheid Mind: Options for the New South Africa</title>
         <creator>Heribert Adam and Kogila Moodley</creator>
         <subject>African Studies</subject>
         <subject>Politics</subject>
         <subject>African History</subject>
         <description>Refusing to be governed by what is fashionable or inoffensive, Heribert Adam <snippet rank="1">and Kogila Moodley frankly address <hit>
                  <term>the</term>
               </hit> passions and rationalities that drive</snippet> politics in post-<snippet rank="2">apartheid South Africa. They argue that <hit>
                  <term>the</term>
               </hit> country's quest for democracy is</snippet> widely misunderstood and that public opinion abroad relies on stereotypes of violent tribalism and false <snippet rank="3">colonial analogies.Adam and Moodley criticize <hit>
                  <term>the</term>
               </hit> personality cult surrounding</snippet> 
            <snippet rank="4">Nelson Mandela and <hit>
                  <term>the</term>
               </hit> accolades accorded F. W.</snippet> 
            <snippet rank="5">de Klerk. They reject <hit>
                  <term>the</term>
               </hit> black-versus-white conflict and substitute</snippet> sober <snippet rank="6">analysis and strategic pragmatism for <hit>
                  <term>the</term>
               </hit> moral outrage that typifies so much</snippet> writing <snippet rank="7">about South Africa. Believing that <hit>
                  <term>the</term>
               </hit> best expression of solidarity emanates</snippet> from sympathetic but candid criticism, <snippet rank="8">they pose challenging questions for <hit>
                  <term>the</term>
               </hit> African National Congress and Nelson</snippet> Mandela. They give <snippet rank="9">in-depth coverage to political violence, <hit>
                  <term>the</term>
               </hit> ANC-South African Communist Party</snippet> alliance, Inkatha, and other controversial topics as well.The authors do not propose a solution that will guarantee a genuinely democratic South Africa. What <snippet rank="10">they offer is an understanding of <hit>
                  <term>the</term>
               </hit> country's social conditions and political</snippet> constraints, and they sketch options for <snippet rank="11">both a new South Africa and a new post-Cold War foreign policy for <hit>
                  <term>the</term>
               </hit> whole of</snippet> 
            <snippet rank="12">southern Africa. <hit>
                  <term>The</term>
               </hit> importance of this book is as immediate as today's</snippet> headlines.</description>
         <date>19930628</date>
         <type>text</type>
         <identifier>http://ark.cdlib.org/ark:/13030/ft958009mm</identifier>
         <relation>http://www.ucpress.edu/</relation>
         <relation>http://escholarship.cdlib.org/</relation>
         <rights>Public</rights>
      </meta>
   </docHit>
</crossQueryResult>
