<?xml version="1.0" encoding="UTF-8"?>
<crossQueryResult totalDocs="1" startDoc="1" endDoc="1">
   <docHit rank="1" file="doc2.xml" totalHits="0">
      <meta>
         <title>The Problems of a Political <snippet rank="1">Animal: Community, Justice, <hit>
                  <term>and</term> Conflict in Aristotelian <term>Political</term>
               </hit> Thought</snippet>
         </title>
         <creator>Bernard R. Yack</creator>
         <subject>Politics</subject>
         <subject>Philosophy</subject>
         <subject>
            <snippet rank="1">
               <hit>
                  <term>Political</term>
               </hit> Theory</snippet>
         </subject>
         <subject>
            <snippet rank="2">Social and <hit>
                  <term>Political</term>
               </hit> Thought</snippet>
         </subject>
         <subject>Social Theory</subject>
         <description>A bold new interpretation of Aristotelian thought is central to Bernard Yack's provocative new book. He shows that for Aristotle, community is a conflict-ridden fact of everyday life, as well as an ideal of social harmony and integration. From political justice and the rule of law to class struggle and moral conflict, Yack maintains that Aristotle intended to explain the conditions of everyday political life, not just, as most commentators assume, to represent the hypothetical achievements of an idealistic "best regime."By showing how Aristotelian ideas can provide new insight into our own political life, Yack makes a valuable contribution to contemporary discourse and debate. His work will excite interest among a wide range of social, moral, and political theorists.</description>
         <date>19930809</date>
         <type>text</type>
         <identifier>http://ark.cdlib.org/ark:/13030/ft7r29p1pf</identifier>
         <relation>http://www.ucpress.edu/</relation>
         <relation>http://escholarship.cdlib.org/</relation>
         <rights>UCOnly</rights>
      </meta>
   </docHit>
</crossQueryResult>
