<?xml version="1.0" encoding="UTF-8"?>
<crossQueryResult totalDocs="3" startDoc="1" endDoc="3">
   <docHit rank="1" file="doc1.xml" totalHits="0">
      <meta>
         <title>The Opening of the Apartheid Mind: Options for the New South Africa</title>
         <creator>Heribert Adam and Kogila Moodley</creator>
         <subject>African Studies</subject>
         <subject>Politics</subject>
         <subject>African History</subject>
         <description>Refusing to be governed by what is fashionable or inoffensive, Heribert Adam and Kogila Moodley frankly address the passions and rationalities that drive politics in post-apartheid South Africa. They argue that the country's quest for democracy is widely misunderstood and that public opinion abroad relies on stereotypes of violent tribalism and false colonial analogies.Adam and Moodley criticize the personality cult surrounding Nelson Mandela and the accolades accorded F. W. de Klerk. They reject the black-versus-white conflict and substitute sober analysis and strategic pragmatism for the moral outrage that typifies so much writing about South Africa. Believing that the best expression of solidarity emanates from sympathetic but candid criticism, they pose challenging questions for the African National Congress and Nelson Mandela. They give in-depth coverage to political violence, the ANC-South African Communist Party alliance, Inkatha, and other controversial topics as well.The authors do not propose a solution that will guarantee a genuinely democratic South Africa. What they offer is an understanding of the country's social conditions and political constraints, and they sketch options for both a new South Africa and a new post-Cold War foreign policy for the whole of southern Africa. The importance of this book is as immediate as today's headlines.</description>
         <date>
            <snippet rank="1">
               <hit>
                  <term>19930628</term>
               </hit>
            </snippet>
         </date>
         <type>text</type>
         <identifier>http://ark.cdlib.org/ark:/13030/ft958009mm</identifier>
         <relation>http://www.ucpress.edu/</relation>
         <relation>http://escholarship.cdlib.org/</relation>
         <rights>Public</rights>
      </meta>
   </docHit>
   <docHit rank="2" file="doc2.xml" totalHits="0">
      <meta>
         <title>The Problems of a Political Animal: Community, Justice, and Conflict in Aristotelian Political Thought</title>
         <creator>Bernard R. Yack</creator>
         <subject>Politics</subject>
         <subject>Philosophy</subject>
         <subject>Political Theory</subject>
         <subject>Social and Political Thought</subject>
         <subject>Social Theory</subject>
         <description>A bold new interpretation of Aristotelian thought is central to Bernard Yack's provocative new book. He shows that for Aristotle, community is a conflict-ridden fact of everyday life, as well as an ideal of social harmony and integration. From political justice and the rule of law to class struggle and moral conflict, Yack maintains that Aristotle intended to explain the conditions of everyday political life, not just, as most commentators assume, to represent the hypothetical achievements of an idealistic "best regime."By showing how Aristotelian ideas can provide new insight into our own political life, Yack makes a valuable contribution to contemporary discourse and debate. His work will excite interest among a wide range of social, moral, and political theorists.</description>
         <date>
            <snippet rank="1">
               <hit>
                  <term>19930809</term>
               </hit>
            </snippet>
         </date>
         <type>text</type>
         <identifier>http://ark.cdlib.org/ark:/13030/ft7r29p1pf</identifier>
         <relation>http://www.ucpress.edu/</relation>
         <relation>http://escholarship.cdlib.org/</relation>
         <rights>UCOnly</rights>
      </meta>
   </docHit>
   <docHit rank="3" file="doc4.xml" totalHits="0">
      <meta>
         <title>Asylia: Territorial Inviolability in the Hellenistic World</title>
         <creator>Kent J. Rigsby</creator>
         <subject>Classics</subject>
         <subject>Ancient History</subject>
         <subject>Politics</subject>
         <subject>Classical History</subject>
         <subject>Classical Religions</subject>
         <subject>Classical Politics</subject>
         <description>In the Hellenistic period certain Greek temples and cities came to be declared "sacred and inviolable." Asylia was the practice of declaring religious places precincts of asylum, meaning they were immune to violence and civil authority. The evidence for this phenomenon - mainly inscriptions and coins - is scattered in the published record. The material has never been collected and presented in one publication until now.Kent J. Rigsby lays out these documents and discusses their historical implications in a substantial introduction. He argues that while a hopeful intention of military neutrality lay behind the institution of asylum, the declarations did not in fact change military behavior. Instead, "declared inviolability" became a civic and religious honor for which cities across the Greek world competed during the third to first centuries B.C.</description>
         <date>
            <snippet rank="1">
               <hit>
                  <term>19970328</term>
               </hit>
            </snippet>
         </date>
         <type>text</type>
         <identifier>http://ark.cdlib.org/ark:/13030/ft2s2004r1</identifier>
         <relation>http://www.ucpress.edu/</relation>
         <relation>http://escholarship.cdlib.org/</relation>
         <rights>UCOnly</rights>
      </meta>
   </docHit>
</crossQueryResult>
