<?xml version="1.0" encoding="UTF-8"?>
<crossQueryResult totalDocs="3" startDoc="1" endDoc="3">
   <docHit rank="1" file="doc3.xml" totalHits="0">
      <meta>
         <title>Thirty-Eight Witnesses: The Kitty Genovese Case</title>
         <creator>A.M. Rosenthal</creator>
         <subject>
            <snippet rank="1">
               <hit>
                  <term>Politics</term>
               </hit>
            </snippet>
         </subject>
         <subject>Sociology</subject>
         <subject>Urban Studies</subject>
         <description>In a decade scarred by some of the worst tragedies in this country's history, March 13, 1964, stands apart from the other atrocities, not because of the identity of the victim - whose name was not Kennedy, King, or Malcolm - but because of the circumstances. Kitty Genovese was a 28-year-old middle-class woman from Kew Gardens, Queens, whose murder was distinguished by the presence of thirty-eight witnesses who did nothing to stop the series of attacks that would claim her life.Thirty years later the Kitty Genovese murder still presses us to ask a litany of questions: Why did these people fail to act? What does it say about the conditions of contemporary urban life? Would it happen today? First published over thirty years ago, Thirty-Eight Witnesses remains a social document that warrants close and repeated examination. The account of the story, as related by one of the best-known and most controversial newspaper professionals in the country, has the added dimension of being part memoir, part investigative journalism, and part public service. In an updated preface that incorporates the most recent developments in the case, A.M. Rosenthal examines why the murder of Kitty Genovese still has the power to shock in a world jaded by news of urban violence.</description>
         <date>19990331</date>
         <type>text</type>
         <identifier>http://ark.cdlib.org/ark:/13030/ft8v19p2pw</identifier>
         <relation>http://www.ucpress.edu/</relation>
         <relation>http://escholarship.cdlib.org/</relation>
         <rights>Public</rights>
      </meta>
   </docHit>
   <docHit rank="2" file="doc5.xml" totalHits="0">
      <meta>
         <title>
            <snippet rank="1">California <hit>
                  <term>Riparian</term>
               </hit> Systems: Ecology, Conservation, and Productive Management</snippet>
         </title>
         <creator>Richard E. Warner and Kathleen M. Hendrix, editors</creator>
         <subject>Environmental Studies</subject>
         <subject>California and the West</subject>
         <description>This volume presents 135 of the papers presented at the 1981 California Riparian Systems Conference. The papers address all aspects of riparian systems: habitat, wildlife, land management, land use policy planning, conservation and water resource management.</description>
         <date>19841203</date>
         <type>text</type>
         <identifier>http://ark.cdlib.org/ark:/13030/ft1c6003wp</identifier>
         <relation>http://www.ucpress.edu/</relation>
         <relation>http://escholarship.cdlib.org/</relation>
         <rights>Public</rights>
      </meta>
   </docHit>
   <docHit rank="3" file="doc1.xml" totalHits="0">
      <meta>
         <title>The Opening of the Apartheid Mind: Options for the New South Africa</title>
         <creator>Heribert Adam and Kogila Moodley</creator>
         <subject>African Studies</subject>
         <subject>
            <snippet rank="1">
               <hit>
                  <term>Politics</term>
               </hit>
            </snippet>
         </subject>
         <subject>African History</subject>
         <description>Refusing to be governed by what is fashionable or inoffensive, Heribert Adam and Kogila Moodley frankly address the passions and rationalities that drive politics in post-apartheid South Africa. They argue that the country's quest for democracy is widely misunderstood and that public opinion abroad relies on stereotypes of violent tribalism and false colonial analogies.Adam and Moodley criticize the personality cult surrounding Nelson Mandela and the accolades accorded F. W. de Klerk. They reject the black-versus-white conflict and substitute sober analysis and strategic pragmatism for the moral outrage that typifies so much writing about South Africa. Believing that the best expression of solidarity emanates from sympathetic but candid criticism, they pose challenging questions for the African National Congress and Nelson Mandela. They give in-depth coverage to political violence, the ANC-South African Communist Party alliance, Inkatha, and other controversial topics as well.The authors do not propose a solution that will guarantee a genuinely democratic South Africa. What they offer is an understanding of the country's social conditions and political constraints, and they sketch options for both a new South Africa and a new post-Cold War foreign policy for the whole of southern Africa. The importance of this book is as immediate as today's headlines.</description>
         <date>19930628</date>
         <type>text</type>
         <identifier>http://ark.cdlib.org/ark:/13030/ft958009mm</identifier>
         <relation>http://www.ucpress.edu/</relation>
         <relation>http://escholarship.cdlib.org/</relation>
         <rights>Public</rights>
      </meta>
   </docHit>
</crossQueryResult>
