<?xml version="1.0" encoding="UTF-8"?>
<crossQueryResult totalDocs="1" startDoc="1" endDoc="1">
   <docHit rank="1" file="doc4.xml" totalHits="0">
      <meta>
         <title>Asylia: Territorial Inviolability in the Hellenistic World</title>
         <creator>Kent J. Rigsby</creator>
         <subject>Classics</subject>
         <subject>Ancient History</subject>
         <subject>Politics</subject>
         <subject>Classical History</subject>
         <subject>Classical Religions</subject>
         <subject>Classical Politics</subject>
         <description>In the Hellenistic period certain Greek temples and cities came to be declared "sacred and inviolable." Asylia was the practice of declaring religious places precincts of asylum, meaning they were immune to violence and civil authority. The evidence for this phenomenon - mainly inscriptions and coins - is scattered in the published record. The material has never been collected and presented in one publication until now.Kent J. Rigsby lays out these documents and discusses their historical implications <snippet rank="1">in a substantial introduction. He <hit>
                  <term>argues</term>
               </hit> that while a hopeful intention of</snippet> military neutrality lay behind the institution of asylum, the declarations did not in fact change military behavior. Instead, "declared inviolability" became a civic and religious honor for which cities across the Greek world competed during the third to first centuries B.C.</description>
         <date>19970328</date>
         <type>text</type>
         <identifier>http://ark.cdlib.org/ark:/13030/ft2s2004r1</identifier>
         <relation>http://www.ucpress.edu/</relation>
         <relation>http://escholarship.cdlib.org/</relation>
         <rights>UCOnly</rights>
      </meta>
   </docHit>
</crossQueryResult>
