<?xml version="1.0" encoding="UTF-8"?>
<crossQueryResult totalDocs="4" startDoc="1" endDoc="4">
   <docHit rank="1" file="doc1.xml" totalHits="0">
      <meta>
         <title>The Opening of the Apartheid Mind: Options for the New South Africa</title>
         <creator>Heribert Adam and Kogila Moodley</creator>
         <subject>
            <snippet rank="1">
               <hit>
                  <term>African</term>
               </hit> Studies</snippet>
         </subject>
         <subject>
            <snippet rank="3">
               <hit>
                  <term>Politics</term>
               </hit>
            </snippet>
         </subject>
         <subject>
            <snippet rank="2">
               <hit>
                  <term>African</term>
               </hit> History</snippet>
         </subject>
         <description>Refusing to be governed by what is fashionable or inoffensive, Heribert Adam and Kogila Moodley frankly address the passions and rationalities <snippet rank="1">that drive <hit>
                  <term>politics</term> in post-apartheid South <term>Africa</term>
               </hit>. They argue that the</snippet> country's quest for democracy is widely misunderstood and that public opinion abroad relies on stereotypes of violent tribalism and false colonial analogies.Adam and Moodley criticize the personality cult surrounding Nelson Mandela and the accolades accorded F. W. de Klerk. They reject the black-versus-white conflict and substitute sober analysis and strategic pragmatism for the moral outrage that <snippet rank="2">typifies so much writing about South <hit>
                  <term>Africa</term>
               </hit>. Believing that the best expression</snippet> of solidarity emanates from sympathetic but candid criticism, they <snippet rank="3">pose challenging questions for the <hit>
                  <term>African</term>
               </hit> National Congress and Nelson Mandela.</snippet> They give in-depth coverage <snippet rank="4">to political violence, the ANC-South <hit>
                  <term>African</term>
               </hit> Communist Party alliance, Inkatha,</snippet> and other controversial topics as well.The authors do not propose a solution that will guarantee <snippet rank="5">a genuinely democratic South <hit>
                  <term>Africa</term>
               </hit>. What they offer is an understanding of the</snippet> country's social conditions and political constraints, <snippet rank="6">and they sketch options for both a new South <hit>
                  <term>Africa</term>
               </hit> and a new post-Cold War</snippet> foreign <snippet rank="7">policy for the whole of southern <hit>
                  <term>Africa</term>
               </hit>. The importance of this book is as</snippet> immediate as today's headlines.</description>
         <date>19930628</date>
         <type>text</type>
         <identifier>http://ark.cdlib.org/ark:/13030/ft958009mm</identifier>
         <relation>http://www.ucpress.edu/</relation>
         <relation>http://escholarship.cdlib.org/</relation>
         <rights>Public</rights>
      </meta>
   </docHit>
   <docHit rank="2" file="doc3.xml" totalHits="0">
      <meta>
         <title>Thirty-Eight Witnesses: The Kitty Genovese Case</title>
         <creator>A.M. Rosenthal</creator>
         <subject>
            <snippet rank="1">
               <hit>
                  <term>Politics</term>
               </hit>
            </snippet>
         </subject>
         <subject>Sociology</subject>
         <subject>Urban Studies</subject>
         <description>In a decade scarred by some of the worst tragedies in this country's history, March 13, 1964, stands apart from the other atrocities, not because of the identity of the victim - whose name was not Kennedy, King, or Malcolm - but because of the circumstances. Kitty Genovese was a 28-year-old middle-class woman from Kew Gardens, Queens, whose murder was distinguished by the presence of thirty-eight witnesses who did nothing to stop the series of attacks that would claim her life.Thirty years later the Kitty Genovese murder still presses us to ask a litany of questions: Why did these people fail to act? What does it say about the conditions of contemporary urban life? Would it happen today? First published over thirty years ago, Thirty-Eight Witnesses remains a social document that warrants close and repeated examination. The account of the story, as related by one of the best-known and most controversial newspaper professionals in the country, has the added dimension of being part memoir, part investigative journalism, and part public service. In an updated preface that incorporates the most recent developments in the case, A.M. Rosenthal examines why the murder of Kitty Genovese still has the power to shock in a world jaded by news of urban violence.</description>
         <date>19990331</date>
         <type>text</type>
         <identifier>http://ark.cdlib.org/ark:/13030/ft8v19p2pw</identifier>
         <relation>http://www.ucpress.edu/</relation>
         <relation>http://escholarship.cdlib.org/</relation>
         <rights>Public</rights>
      </meta>
   </docHit>
   <docHit rank="3" file="doc4.xml" totalHits="0">
      <meta>
         <title>Asylia: Territorial Inviolability in the Hellenistic World</title>
         <creator>Kent J. Rigsby</creator>
         <subject>Classics</subject>
         <subject>Ancient History</subject>
         <subject>
            <snippet rank="1">
               <hit>
                  <term>Politics</term>
               </hit>
            </snippet>
         </subject>
         <subject>Classical History</subject>
         <subject>Classical Religions</subject>
         <subject>
            <snippet rank="2">Classical <hit>
                  <term>Politics</term>
               </hit>
            </snippet>
         </subject>
         <description>In the Hellenistic period certain Greek temples and cities came to be declared "sacred and inviolable." Asylia was the practice of declaring religious places precincts of asylum, meaning they were immune to violence and civil authority. The evidence for this phenomenon - mainly inscriptions and coins - is scattered in the published record. The material has never been collected and presented in one publication until now.Kent J. Rigsby lays out these documents and discusses their historical implications in a substantial introduction. He argues that while a hopeful intention of military neutrality lay behind the institution of asylum, the declarations did not in fact change military behavior. Instead, "declared inviolability" became a civic and religious honor for which cities across the Greek world competed during the third to first centuries B.C.</description>
         <date>19970328</date>
         <type>text</type>
         <identifier>http://ark.cdlib.org/ark:/13030/ft2s2004r1</identifier>
         <relation>http://www.ucpress.edu/</relation>
         <relation>http://escholarship.cdlib.org/</relation>
         <rights>UCOnly</rights>
      </meta>
   </docHit>
   <docHit rank="4" file="doc2.xml" totalHits="0">
      <meta>
         <title>The Problems of a Political Animal: Community, Justice, and Conflict in Aristotelian Political Thought</title>
         <creator>Bernard R. Yack</creator>
         <subject>
            <snippet rank="1">
               <hit>
                  <term>Politics</term>
               </hit>
            </snippet>
         </subject>
         <subject>Philosophy</subject>
         <subject>Political Theory</subject>
         <subject>Social and Political Thought</subject>
         <subject>Social Theory</subject>
         <description>A bold new interpretation of Aristotelian thought is central to Bernard Yack's provocative new book. He shows that for Aristotle, community is a conflict-ridden fact of everyday life, as well as an ideal of social harmony and integration. From political justice and the rule of law to class struggle and moral conflict, Yack maintains that Aristotle intended to explain the conditions of everyday political life, not just, as most commentators assume, to represent the hypothetical achievements of an idealistic "best regime."By showing how Aristotelian ideas can provide new insight into our own political life, Yack makes a valuable contribution to contemporary discourse and debate. His work will excite interest among a wide range of social, moral, and political theorists.</description>
         <date>19930809</date>
         <type>text</type>
         <identifier>http://ark.cdlib.org/ark:/13030/ft7r29p1pf</identifier>
         <relation>http://www.ucpress.edu/</relation>
         <relation>http://escholarship.cdlib.org/</relation>
         <rights>UCOnly</rights>
      </meta>
   </docHit>
</crossQueryResult>
