<?xml version="1.0" encoding="UTF-8"?>
<crossQueryResult totalDocs="3" startDoc="1" endDoc="3">
   <docHit rank="1" file="doc2.xml" totalHits="0">
      <meta>
         <title>The Problems of a Political Animal: Community, Justice, and Conflict in Aristotelian Political Thought</title>
         <creator>Bernard R. Yack</creator>
         <subject>Politics</subject>
         <subject>Philosophy</subject>
         <subject>Political Theory</subject>
         <subject>Social and Political Thought</subject>
         <subject>Social Theory</subject>
         <description>A bold new interpretation of Aristotelian thought is central to Bernard Yack's provocative new book. He shows that for Aristotle, community is a conflict-ridden fact of everyday life, as well as an ideal of social harmony and integration. From political justice and the rule of law to class struggle and moral conflict, Yack maintains that Aristotle intended to explain the conditions of everyday political life, not just, as most commentators assume, to represent the hypothetical achievements of an idealistic "best regime."By showing how Aristotelian ideas can provide new insight into our own political life, Yack makes a valuable contribution to contemporary discourse and debate. His work will excite interest among a wide range of social, moral, and political theorists.</description>
         <date>19930809</date>
         <type>text</type>
         <identifier>http://ark.cdlib.org/ark:/13030/ft7r29p1pf</identifier>
         <relation>http://www.ucpress.edu/</relation>
         <relation>http://escholarship.cdlib.org/</relation>
         <rights>UCOnly</rights>
      </meta>
   </docHit>
   <docHit rank="2" file="doc3.xml" totalHits="0">
      <meta>
         <title>Thirty-Eight Witnesses: The Kitty Genovese Case</title>
         <creator>A.M. Rosenthal</creator>
         <subject>Politics</subject>
         <subject>Sociology</subject>
         <subject>Urban Studies</subject>
         <description>In a decade scarred by some of the worst tragedies in this country's history, March 13, 1964, stands apart from the other atrocities, not because of the identity of the victim - whose name was not Kennedy, King, or Malcolm - but because of the circumstances. Kitty Genovese was a 28-year-old middle-class woman from Kew Gardens, Queens, whose murder was distinguished by the presence of thirty-eight witnesses who did nothing to stop the series of attacks that would claim her life.Thirty years later the Kitty Genovese murder still presses us to ask a litany of questions: Why did these people fail to act? What does it say about the conditions of contemporary urban life? Would it happen today? First published over thirty years ago, Thirty-Eight Witnesses remains a social document that warrants close and repeated examination. The account of the story, as related by one of the best-known and most controversial newspaper professionals in the country, has the added dimension of being part memoir, part investigative journalism, and part public service. In an updated preface that incorporates the most recent developments in the case, A.M. Rosenthal examines why the murder of Kitty Genovese still has the power to shock in a world jaded by news of urban violence.</description>
         <date>19990331</date>
         <type>text</type>
         <identifier>http://ark.cdlib.org/ark:/13030/ft8v19p2pw</identifier>
         <relation>http://www.ucpress.edu/</relation>
         <relation>http://escholarship.cdlib.org/</relation>
         <rights>Public</rights>
      </meta>
   </docHit>
   <docHit rank="3" file="doc4.xml" totalHits="0">
      <meta>
         <title>Asylia: Territorial Inviolability in the Hellenistic World</title>
         <creator>Kent J. Rigsby</creator>
         <subject>Classics</subject>
         <subject>Ancient History</subject>
         <subject>Politics</subject>
         <subject>Classical History</subject>
         <subject>Classical Religions</subject>
         <subject>Classical Politics</subject>
         <description>In the Hellenistic period certain Greek temples and cities came to be declared "sacred and inviolable." Asylia was the practice of declaring religious places precincts of asylum, meaning they were immune to violence and civil authority. The evidence for this phenomenon - mainly inscriptions and coins - is scattered in the published record. The material has never been collected and presented in one publication until now.Kent J. Rigsby lays out these documents and discusses their historical implications in a substantial introduction. He argues that while a hopeful intention of military neutrality lay behind the institution of asylum, the declarations did not in fact change military behavior. Instead, "declared inviolability" became a civic and religious honor for which cities across the Greek world competed during the third to first centuries B.C.</description>
         <date>19970328</date>
         <type>text</type>
         <identifier>http://ark.cdlib.org/ark:/13030/ft2s2004r1</identifier>
         <relation>http://www.ucpress.edu/</relation>
         <relation>http://escholarship.cdlib.org/</relation>
         <rights>UCOnly</rights>
      </meta>
   </docHit>
</crossQueryResult>
