<?xml version="1.0" encoding="UTF-8"?>
<crossQueryResult totalDocs="1" startDoc="1" endDoc="1">
   <docHit rank="1" file="doc1.xml" totalHits="2">
      <meta>
         <testMeta>x</testMeta>
      </meta>
      <snippet rank="1">X Book of the year. Weird men. Moon man too. <hit>
            <term>Hat</term> 
            <term>on</term>
         </hit> the cat. Problem it is not.</snippet>
      <snippet rank="2">of war. Man on the moon. A cat in a <hit>
            <term>hat</term>
         </hit>. It is not a problem. X X X X X X X X X</snippet>
   </docHit>
</crossQueryResult>
