<?xml version="1.0" encoding="UTF-8"?>
<crossQueryResult totalDocs="1" startDoc="1" endDoc="1">
   <docHit rank="1" file="doc1.xml" totalHits="2">
      <meta>
         <testMeta>x</testMeta>
      </meta>
      <snippet rank="1" sectionType="10-a">d1 d2 d3 <hit>
            <term>d4</term> 
            <term>d5</term>
         </hit> d6 d7 d8</snippet>
      <snippet rank="2" sectionType="10-b">d1 d2 d3 <hit>
            <term>d4</term> 
            <term>d5</term>
         </hit> d6 d7 d8</snippet>
   </docHit>
</crossQueryResult>
