<?xml version="1.0" encoding="UTF-8"?>
<crossQueryResult totalDocs="1" startDoc="1" endDoc="1">
   <docHit rank="1" file="doc1.xml" totalHits="2">
      <meta>
         <testMeta>"Some test data"</testMeta>
      </meta>
      <snippet rank="1">Anything you say <hit>
            <term>can</term> 
            <term>and</term> 
            <term>will</term>
         </hit> be used against you in a court of law. If <term>this</term> had</snippet>
      <snippet rank="2">
         <hit>
            <term>This</term> is a <term>test</term>
         </hit> of the emergency broadcasting system.</snippet>
   </docHit>
</crossQueryResult>
