<?xml version="1.0" encoding="UTF-8"?>
<crossQueryResult totalDocs="1" startDoc="1" endDoc="1">
   <docHit rank="1" file="doc1.xml" totalHits="2">
      <meta>
         <testMeta>"Some test data"</testMeta>
      </meta>
      <snippet rank="1">This is the end. You just gotta love it! Cats don't care about <hit>
            <term>man's</term>
         </hit> inhumanity</snippet>
      <snippet rank="2">to <hit>
            <term>man</term>
         </hit>.</snippet>
   </docHit>
</crossQueryResult>
