<?xml version="1.0" encoding="UTF-8"?>
<crossQueryResult totalDocs="1" startDoc="1" endDoc="1">
   <docHit rank="1" file="doc1.xml" totalHits="4">
      <meta>
         <testMeta>"Some test data"</testMeta>
      </meta>
      <snippet rank="1">one is missing from <term>this</term> document, but if you like you <term>can</term> use <hit>
            <term>your</term>
         </hit> imagination.</snippet>
      <snippet rank="2">Never lose <hit>
            <term>your</term>
         </hit> imagination. A loss is a terrible thing to mind. <term>This</term> is the</snippet>
      <snippet rank="3">
         <hit>
            <term>This</term> is a <term>test</term>
         </hit> of the emergency broadcasting system.</snippet>
      <snippet rank="4">Anything you say <hit>
            <term>can</term> 
            <term>and</term> 
            <term>will</term>
         </hit> be used against you in a court of law. If <term>this</term> had</snippet>
   </docHit>
</crossQueryResult>
