<?xml version="1.0" encoding="UTF-8"?>
<crossQueryResult totalDocs="1" startDoc="1" endDoc="1">
   <docHit rank="1" file="doc1.xml" totalHits="4">
      <meta>
         <testMeta>"Some test data"</testMeta>
      </meta>
      <snippet rank="1">terrible thing to mind. This is the end. <hit>
            <term>You</term>
         </hit> just gotta love it! Cats don't care</snippet>
      <snippet rank="2">This is a test of the emergency broadcasting system. Anything <hit>
            <term>you</term>
         </hit> say can and</snippet>
      <snippet rank="3">will be used against <hit>
            <term>you</term>
         </hit> in a court of law.</snippet>
      <snippet rank="4">If this had been a real emergency <hit>
            <term>you</term>
         </hit> would have been told where to go and what</snippet>
   </docHit>
</crossQueryResult>
