<?xml version="1.0" encoding="UTF-8"?>
<crossQueryResult totalDocs="1" startDoc="1" endDoc="1">
   <docHit rank="1" file="doc1.xml" totalHits="4">
      <meta>
         <testMeta>"Some test data"</testMeta>
      </meta>
      <snippet rank="1">like <hit>
            <term>you</term> 
            <term>can</term>
         </hit> use your imagination. Never lose your imagination. A loss</snippet>
      <snippet rank="2">terrible thing to mind. This is the end. <hit>
            <term>You</term>
         </hit> just gotta love it! Cats don't care</snippet>
      <snippet rank="3">full of examples. This particular one is missing from this document, but if <hit>
            <term>you</term>
         </hit>
      </snippet>
      <snippet rank="4">law. If this had been a real emergency <hit>
            <term>you</term>
         </hit> would have been told where to go and</snippet>
   </docHit>
</crossQueryResult>
