<?xml version="1.0" encoding="UTF-8"?>
<crossQueryResult totalDocs="3" startDoc="1" endDoc="3">
   <docHit rank="1" file="doc3.pdf" totalHits="4">
      <snippet rank="1">OF CONTENTS Page 1 of 1XTF Deployment Guide 1/27/2005file://C:\UCOP\<hit>
            <term>xtf</term>
         </hit>- sf\</snippet>
      <snippet rank="2">WebDocs\HTML\<hit>
            <term>XTF</term>
         </hit>_Deployment_Guide\XTFDeployGuide.html</snippet>
      <snippet rank="3">Run-Time Environment Install the <hit>
            <term>XTF</term>
         </hit> Package Verify that Document Retrieval (</snippet>
   </docHit>
   <docHit rank="2" file="doc1.html" totalHits="3">
      <snippet rank="1">
         <hit>
            <term>Emergency</term>
         </hit> Broadcasting System Test This</snippet>
      <snippet rank="2">is a test of the <hit>
            <term>emergency</term>
         </hit> broadcasting system. Anything you say can and will be</snippet>
      <snippet rank="3">of law. If this had been a real <hit>
            <term>emergency</term>
         </hit> you would have been told where to go</snippet>
   </docHit>
   <docHit rank="3" file="doc5.txt" totalHits="2">
      <snippet rank="1">license. You may obtain more information and the entire <hit>
            <term>XTF</term>
         </hit> distribution by</snippet>
      <snippet rank="2">visiting: http://www.cdlib.org/<hit>
            <term>xtf</term>
         </hit> Copyright (c) 2004, Regents of the University</snippet>
   </docHit>
</crossQueryResult>
